"user_id";"item_id";"user_name";"item_name"
"24";"118";"MaxEl";"Management Accounting 2"
"24";"140";"MaxEl";"Öffentliche Einnahmen"
"24";"206";"MaxEl";"Spezielle Steuerlehre"
"23";"442";"Hannebambel";"Project Management"
"23";"120";"Hannebambel";"Management von Informatik-Projekten"
"23";"380";"Hannebambel";"Operations Research in Health Care Management"
"23";"433";"Hannebambel";"Produktions- und Logistikmanagement"
"23";"86";"Hannebambel";"Grundlagen der Fahrzeugtechnik I"
"2";"194";"julian";"Modellierung von Geschäftsprozessen"
"2";"86";"julian";"Grundlagen der Fahrzeugtechnik I"
"23";"548";"Hannebambel";"Experimentelle Wirtschaftsforschung"
"12";"22";"Robert";"Betriebswirtschaftslehre: Finanzwirtschaft und Rechnungswesen"
"3";"52";"jonasl";"Angewandte Informatik I - Modellierung"
"3";"197";"jonasl";"Programmierung kommerzieller Systeme - Anwendungen in Netzen mit Java"
"31";"23";"NikLe";"Datenbanksysteme"
"31";"149";"NikLe";"Organisationsmanagement"
"31";"212";"NikLe";"Unternehmensführung und Strategisches Management"
"31";"154";"NikLe";"Plattformökonomie"
"31";"241";"NikLe";"Wohlfahrtstheorie"
"31";"118";"NikLe";"Management Accounting 2"
"31";"116";"NikLe";"Management Accounting 1"
"31";"105";"NikLe";"Logistik - Aufbau, Gestaltung und Steuerung von Logistiksystemen"
"31";"30";"NikLe";"Einführung in die Spieltheorie"
"31";"96";"NikLe";"Grundlagen der Informatik II"
"31";"167";"NikLe";"Mathematik 3 - Abschlussklausur"
"31";"197";"NikLe";"Programmierung kommerzieller Systeme - Anwendungen in Netzen mit Java"
"31";"195";"NikLe";"Programmieren I: Java"
"31";"242";"NikLe";"Volkswirtschaftslehre I: Mikroökonomie"
"32";"154";"seiju";"Plattformökonomie"
"32";"56";"seiju";"Foundations of Digital Services A"
"12";"5";"Robert";"Betriebswirtschaftslehre: Unternehmensführung und Informationswirtschaft"
"3";"40";"jonasl";"Einführung in die Technische Mechanik I: Statik und Festigkeitslehre"
"27";"156";"WiWiWise";"Rechnungswesen"
"27";"27";"WiWiWise";"Betriebswirtschaftslehre: Produktionswirtschaft und Marketing"
"27";"96";"WiWiWise";"Grundlagen der Informatik II"
"27";"195";"WiWiWise";"Programmieren I: Java"
"34";"336";"Kikiri";"Business Dynamics"
"34";"514";"Kikiri";"Service Analytics A"
"34";"194";"Kikiri";"Modellierung von Geschäftsprozessen"
"34";"104";"Kikiri";"Integrierte Produktionsplanung"
"34";"480";"Kikiri";"Virtual Engineering I"
"34";"548";"Kikiri";"Experimentelle Wirtschaftsforschung"
"34";"424";"Kikiri";"Roadmapping"
"35";"197";"Nikki";"Programmierung kommerzieller Systeme - Anwendungen in Netzen mit Java"
"35";"234";"Nikki";"Wettbewerb in Netzen"
"12";"195";"Robert";"Programmieren I: Java"
"21";"121";"JDpower910";"Grundlagen für mobile Business"
"20";"91";"DSchwab";"Klimatologie"
"21";"161";"JDpower910";"Mathematik 1 - Abschlussklausur"
"20";"170";"DSchwab";"Meteorologische Naturgefahren"
"21";"149";"JDpower910";"Organisationsmanagement"
"21";"178";"JDpower910";"Problemlösung, Kommunikation und Leadership"
"21";"212";"JDpower910";"Unternehmensführung und Strategisches Management"
"21";"50";"JDpower910";"Einführung in die Wirtschaftspolitik"
"21";"208";"JDpower910";"Standortplanung und strategisches Supply Chain Management"
"21";"199";"JDpower910";"Programmierung kommerzieller Systeme - Einsatz betrieblicher Standardsoftware"
"21";"375";"JDpower910";"Online Marketing"
"21";"157";"JDpower910";"PLM für mechatronische Produktentwicklung"
"21";"104";"JDpower910";"Integrierte Produktionsplanung"
"21";"466";"JDpower910";"Practical Seminar: Digital Service Design"
"21";"227";"JDpower910";"Werkstoffkunde I für Wirtschaftsingenieure"
"21";"140";"JDpower910";"Öffentliche Einnahmen"
"21";"366";"JDpower910";"Fern- und Luftverkehr"
"9";"7";"cornelia";"Economics and Behavior"
"9";"408";"cornelia";"PLM-CAD Workshop"
"36";"276";"LuRoe";"Anlagenwirtschaft"
"36";"501";"LuRoe";"Supply Chain Management in der Automobilindustrie"
"36";"484";"LuRoe";"Supply Chain Management with Advanced Planning Systems"
"36";"433";"LuRoe";"Produktions- und Logistikmanagement"
"36";"116";"LuRoe";"Management Accounting 1"
"36";"118";"LuRoe";"Management Accounting 2"
"36";"35";"LuRoe";"Dokumentenmanagement und Groupwaresysteme"
"36";"536";"LuRoe";"Ereignisdiskrete Simulation in Produktion und Logistik"
"36";"355";"LuRoe";"Modellieren und OR-Software: Fortgeschrittene Themen"
"36";"208";"LuRoe";"Standortplanung und strategisches Supply Chain Management"
"36";"177";"LuRoe";"Simulation I"
"36";"108";"LuRoe";"Logistik in der Automobilindustrie"
"36";"132";"LuRoe";"Materialfluss in Logistiksystemen"
"36";"357";"LuRoe";"Mathematische Modelle und Methoden für Produktionssysteme"
"36";"187";"LuRoe";"Produktions- und Logistikcontrolling"
"36";"105";"LuRoe";"Logistik - Aufbau, Gestaltung und Steuerung von Logistiksystemen"
"17";"22";"Mcduniel";"Betriebswirtschaftslehre: Finanzwirtschaft und Rechnungswesen"
"17";"5";"Mcduniel";"Betriebswirtschaftslehre: Unternehmensführung und Informationswirtschaft"
"17";"27";"Mcduniel";"Betriebswirtschaftslehre: Produktionswirtschaft und Marketing"
"17";"44";"Mcduniel";"Financial Management"
"17";"115";"Mcduniel";"Investments"
"17";"19";"Mcduniel";"Einführung in die Energiewirtschaft"
"17";"159";"Mcduniel";"Renewable Energy-Resources, Technologies and Economics"
"17";"7";"Mcduniel";"Economics and Behavior"
"17";"30";"Mcduniel";"Einführung in die Spieltheorie"
"17";"238";"Mcduniel";"Wissensmanagement"
"17";"197";"Mcduniel";"Programmierung kommerzieller Systeme - Anwendungen in Netzen mit Java"
"36";"98";"LuRoe";"Lager- und Distributionssysteme"
"36";"136";"LuRoe";"Nichtlineare Optimierung I und II"
"36";"197";"LuRoe";"Programmierung kommerzieller Systeme - Anwendungen in Netzen mit Java"
"3";"195";"jonasl";"Programmieren I: Java"
"3";"242";"jonasl";"Volkswirtschaftslehre I: Mikroökonomie"
"2";"22";"julian";"Betriebswirtschaftslehre: Finanzwirtschaft und Rechnungswesen"
"2";"5";"julian";"Betriebswirtschaftslehre: Unternehmensführung und Informationswirtschaft"
"2";"195";"julian";"Programmieren I: Java"
"2";"242";"julian";"Volkswirtschaftslehre I: Mikroökonomie"
"2";"227";"julian";"Werkstoffkunde I für Wirtschaftsingenieure"
"2";"149";"julian";"Organisationsmanagement"
"2";"178";"julian";"Problemlösung, Kommunikation und Leadership"
"2";"212";"julian";"Unternehmensführung und Strategisches Management"
"2";"30";"julian";"Einführung in die Spieltheorie"
"2";"52";"julian";"Angewandte Informatik I - Modellierung"
"2";"197";"julian";"Programmierung kommerzieller Systeme - Anwendungen in Netzen mit Java"
"2";"192";"julian";"Modellieren und OR-Software: Einführung"
"2";"205";"julian";"Taktisches und operatives Supply Chain Management"
"2";"48";"julian";"Einführung in die Technische Mechanik II: Dynamik"
"2";"228";"julian";"Werkstoffkunde II für Wirtschaftsingenieure"
"2";"106";"julian";"International Marketing"
"2";"33";"julian";"Dienstleistungs- und B2B Marketing"
"2";"203";"julian";"Spezielle Soziologie"
"23";"89";"Hannebambel";"Grundlagen der Fahrzeugtechnik II"
"14";"123";"Yingkai";"Nanotechnologie mit Clustern"
"14";"54";"Yingkai";"Bionik für Ingenieure und Naturwissenschaftler"
"14";"106";"Yingkai";"International Marketing"
"14";"122";"Yingkai";"Marketing Mix"
"23";"5";"Hannebambel";"Betriebswirtschaftslehre: Unternehmensführung und Informationswirtschaft"
"23";"27";"Hannebambel";"Betriebswirtschaftslehre: Produktionswirtschaft und Marketing"
"23";"22";"Hannebambel";"Betriebswirtschaftslehre: Finanzwirtschaft und Rechnungswesen"
"23";"156";"Hannebambel";"Rechnungswesen"
"23";"242";"Hannebambel";"Volkswirtschaftslehre I: Mikroökonomie"
"23";"244";"Hannebambel";"Volkswirtschaftslehre II: Makroökonomie"
"23";"92";"Hannebambel";"Grundlagen der Informatik I"
"23";"96";"Hannebambel";"Grundlagen der Informatik II"
"23";"195";"Hannebambel";"Programmieren I: Java"
"23";"555";"Hannebambel";"Einführung in das Operations Research I und II"
"23";"85";"Hannebambel";"Elektrotechnik I für Wirtschaftsingenieure"
"23";"40";"Hannebambel";"Einführung in die Technische Mechanik I: Statik und Festigkeitslehre"
"23";"227";"Hannebambel";"Werkstoffkunde I für Wirtschaftsingenieure"
"23";"178";"Hannebambel";"Problemlösung, Kommunikation und Leadership"
"23";"212";"Hannebambel";"Unternehmensführung und Strategisches Management"
"23";"71";"Hannebambel";"Industrieökonomie"
"23";"105";"Hannebambel";"Logistik - Aufbau, Gestaltung und Steuerung von Logistiksystemen"
"23";"208";"Hannebambel";"Standortplanung und strategisches Supply Chain Management"
"23";"205";"Hannebambel";"Taktisches und operatives Supply Chain Management"
"23";"181";"Hannebambel";"Software Engineering"
"23";"197";"Hannebambel";"Programmierung kommerzieller Systeme - Anwendungen in Netzen mit Java"
"23";"180";"Hannebambel";"Product Lifecycle Management"
"23";"408";"Hannebambel";"PLM-CAD Workshop"
"2";"314";"julian";"Business and IT Service Management"
"2";"111";"julian";"Enterprise Architecture Management"
"2";"89";"julian";"Grundlagen der Fahrzeugtechnik II"
"2";"196";"julian";"Spezialvorlesung Betriebliche Informationssysteme"
"23";"514";"Hannebambel";"Service Analytics A"
"23";"332";"Hannebambel";"Market Engineering: Information in Institutions"
"37";"456";"JoBen";"Umweltökonomik und Nachhaltigkeit"
"37";"314";"JoBen";"Business and IT Service Management"
"37";"433";"JoBen";"Produktions- und Logistikmanagement"
"37";"536";"JoBen";"Ereignisdiskrete Simulation in Produktion und Logistik"
"37";"177";"JoBen";"Simulation I"
"37";"522";"JoBen";"Privatrechtliche Übung"
"37";"108";"JoBen";"Logistik in der Automobilindustrie"
"23";"158";"Hannebambel";"Mathematik 1 - Semesterklausur"
"37";"100";"JoBen";"Integrative Strategien und deren Umsetzung in Produktion und Entwicklung von Sportwagen"
"23";"161";"Hannebambel";"Mathematik 1 - Abschlussklausur"
"37";"190";"JoBen";"Produktionstechnologien und Managementansätze im Automobilbau"
"23";"163";"Hannebambel";"Mathematik 2 - Abschlussklausur"
"37";"132";"JoBen";"Materialfluss in Logistiksystemen"
"24";"199";"MaxEl";"Programmierung kommerzieller Systeme - Einsatz betrieblicher Standardsoftware"
"23";"167";"Hannebambel";"Mathematik 3 - Abschlussklausur"
"37";"113";"JoBen";"Grundlagen der Produktionswirtschaft"
"36";"113";"LuRoe";"Grundlagen der Produktionswirtschaft"
"37";"102";"JoBen";"Logistics and Supply Chain Management"
"36";"186";"LuRoe";"Produktion und Nachhaltigkeit"
"24";"181";"MaxEl";"Software Engineering"
"37";"206";"JoBen";"Spezielle Steuerlehre"
"24";"208";"MaxEl";"Standortplanung und strategisches Supply Chain Management"
"37";"197";"JoBen";"Programmierung kommerzieller Systeme - Anwendungen in Netzen mit Java"
"24";"157";"MaxEl";"PLM für mechatronische Produktentwicklung"
"37";"208";"JoBen";"Standortplanung und strategisches Supply Chain Management"
"37";"205";"JoBen";"Taktisches und operatives Supply Chain Management"
"24";"180";"MaxEl";"Product Lifecycle Management"
"37";"86";"JoBen";"Grundlagen der Fahrzeugtechnik I"
"24";"149";"MaxEl";"Organisationsmanagement"
"37";"89";"JoBen";"Grundlagen der Fahrzeugtechnik II"
"24";"178";"MaxEl";"Problemlösung, Kommunikation und Leadership"
"37";"19";"JoBen";"Einführung in die Energiewirtschaft"
"24";"212";"MaxEl";"Unternehmensführung und Strategisches Management"
"37";"101";"JoBen";"Energiepolitik"
"37";"141";"JoBen";"Öffentliches Recht I - Grundlagen"
"24";"22";"MaxEl";"Betriebswirtschaftslehre: Finanzwirtschaft und Rechnungswesen"
"37";"143";"JoBen";"Öffentliches Recht II - Öffentliches Wirtschaftsrecht"
"37";"37";"JoBen";"BGB für Anfänger"
"24";"5";"MaxEl";"Betriebswirtschaftslehre: Unternehmensführung und Informationswirtschaft"
"37";"555";"JoBen";"Einführung in das Operations Research I und II"
"24";"27";"MaxEl";"Betriebswirtschaftslehre: Produktionswirtschaft und Marketing"
"37";"195";"JoBen";"Programmieren I: Java"
"24";"156";"MaxEl";"Rechnungswesen"
"24";"555";"MaxEl";"Einführung in das Operations Research I und II"
"37";"92";"JoBen";"Grundlagen der Informatik I"
"24";"85";"MaxEl";"Elektrotechnik I für Wirtschaftsingenieure"
"37";"96";"JoBen";"Grundlagen der Informatik II"
"24";"40";"MaxEl";"Einführung in die Technische Mechanik I: Statik und Festigkeitslehre"
"24";"227";"MaxEl";"Werkstoffkunde I für Wirtschaftsingenieure"
"24";"242";"MaxEl";"Volkswirtschaftslehre I: Mikroökonomie"
"24";"244";"MaxEl";"Volkswirtschaftslehre II: Makroökonomie"
"24";"211";"MaxEl";"Statistik I"
"24";"214";"MaxEl";"Statistik II"
"36";"453";"LuRoe";"Theory of Business Cycles (Konjunkturtheorie)"
"24";"250";"MaxEl";"Advanced Management Accounting"
"36";"458";"LuRoe";"Theory of Economic Growth (Wachstumstheorie)"
"24";"425";"MaxEl";"Valuation"
"36";"104";"LuRoe";"Integrierte Produktionsplanung"
"36";"26";"LuRoe";"Datenbanksysteme und XML"
"24";"314";"MaxEl";"Business and IT Service Management"
"36";"182";"LuRoe";"Software-Qualitätsmanagement"
"36";"223";"LuRoe";"Web Science"
"24";"529";"MaxEl";"Service Innovation"
"36";"504";"LuRoe";"Supply Chain Management (mach und wiwi)"
"24";"348";"MaxEl";"Innovationstheorie und -politik"
"36";"227";"LuRoe";"Werkstoffkunde I für Wirtschaftsingenieure"
"2";"211";"julian";"Statistik I"
"36";"40";"LuRoe";"Einführung in die Technische Mechanik I: Statik und Festigkeitslehre"
"24";"194";"MaxEl";"Modellierung von Geschäftsprozessen"
"36";"85";"LuRoe";"Elektrotechnik I für Wirtschaftsingenieure"
"36";"96";"LuRoe";"Grundlagen der Informatik II"
"24";"331";"MaxEl";"Graph Theory and Advanced Location Models"
"24";"205";"MaxEl";"Taktisches und operatives Supply Chain Management"
"24";"104";"MaxEl";"Integrierte Produktionsplanung"
"36";"555";"LuRoe";"Einführung in das Operations Research I und II"
"24";"522";"MaxEl";"Privatrechtliche Übung"
"36";"195";"LuRoe";"Programmieren I: Java"
"36";"539";"LuRoe";"Europäische Wirtschaftsintegration"
"24";"37";"MaxEl";"BGB für Anfänger"
"36";"412";"LuRoe";"Internationale Wirtschaftspolitik"
"24";"141";"MaxEl";"Öffentliches Recht I - Grundlagen"
"24";"143";"MaxEl";"Öffentliches Recht II - Öffentliches Wirtschaftsrecht"
"36";"94";"LuRoe";"Informationssysteme in Logistik und Supply Chain Management"
"24";"167";"MaxEl";"Mathematik 3 - Abschlussklausur"
"24";"165";"MaxEl";"Mathematik 2 - Semesterklausur"
"36";"167";"LuRoe";"Mathematik 3 - Abschlussklausur"
"24";"163";"MaxEl";"Mathematik 2 - Abschlussklausur"
"36";"165";"LuRoe";"Mathematik 2 - Semesterklausur"
"24";"161";"MaxEl";"Mathematik 1 - Abschlussklausur"
"24";"158";"MaxEl";"Mathematik 1 - Semesterklausur"
"36";"158";"LuRoe";"Mathematik 1 - Semesterklausur"
"30";"167";"littleprincess92";"Mathematik 3 - Abschlussklausur"
"30";"104";"littleprincess92";"Integrierte Produktionsplanung"
"32";"113";"seiju";"Grundlagen der Produktionswirtschaft"
"3";"5";"jonasl";"Betriebswirtschaftslehre: Unternehmensführung und Informationswirtschaft"
"3";"227";"jonasl";"Werkstoffkunde I für Wirtschaftsingenieure"
"12";"115";"Robert";"Investments"
"13";"116";"MaxSta123";"Management Accounting 1"
"13";"118";"MaxSta123";"Management Accounting 2"
"13";"332";"MaxSta123";"Market Engineering: Information in Institutions"
"13";"115";"MaxSta123";"Investments"
"13";"44";"MaxSta123";"Financial Management"
"13";"208";"MaxSta123";"Standortplanung und strategisches Supply Chain Management"
"13";"205";"MaxSta123";"Taktisches und operatives Supply Chain Management"
"13";"117";"MaxSta123";"Grundlagen der Technischen Logistik"
"13";"98";"MaxSta123";"Lager- und Distributionssysteme"
"13";"86";"MaxSta123";"Grundlagen der Fahrzeugtechnik I"
"13";"89";"MaxSta123";"Grundlagen der Fahrzeugtechnik II"
"13";"23";"MaxSta123";"Datenbanksysteme"
"13";"197";"MaxSta123";"Programmierung kommerzieller Systeme - Anwendungen in Netzen mit Java"
"13";"71";"MaxSta123";"Industrieökonomie"
"13";"119";"MaxSta123";"Entscheidungstheorie"
"13";"149";"MaxSta123";"Organisationsmanagement"
"13";"178";"MaxSta123";"Problemlösung, Kommunikation und Leadership"
"13";"212";"MaxSta123";"Unternehmensführung und Strategisches Management"
"12";"37";"Robert";"BGB für Anfänger"
"35";"113";"Nikki";"Grundlagen der Produktionswirtschaft"
"35";"178";"Nikki";"Problemlösung, Kommunikation und Leadership"
"35";"149";"Nikki";"Organisationsmanagement"
"12";"27";"Robert";"Betriebswirtschaftslehre: Produktionswirtschaft und Marketing"
"12";"156";"Robert";"Rechnungswesen"
"12";"242";"Robert";"Volkswirtschaftslehre I: Mikroökonomie"
"35";"208";"Nikki";"Standortplanung und strategisches Supply Chain Management"
"35";"205";"Nikki";"Taktisches und operatives Supply Chain Management"
"18";"113";"069";"Grundlagen der Produktionswirtschaft"
"18";"228";"069";"Werkstoffkunde II für Wirtschaftsingenieure"
"18";"156";"069";"Rechnungswesen"
"16";"151";"derhahnmusslaufen";"Physikalische Grundlagen der Lasertechnik"
"16";"160";"derhahnmusslaufen";"Polymerengineering I"
"16";"505";"derhahnmusslaufen";"Sensoren"
"16";"173";"derhahnmusslaufen";"Mikroaktorik"
"16";"427";"derhahnmusslaufen";"Wärmewirtschaft"
"16";"331";"derhahnmusslaufen";"Graph Theory and Advanced Location Models"
"16";"319";"derhahnmusslaufen";"Liberalised Power Markets"
"16";"307";"derhahnmusslaufen";"Automatisierte Produktionsanlagen"
"18";"158";"069";"Mathematik 1 - Semesterklausur"
"18";"165";"069";"Mathematik 2 - Semesterklausur"
"18";"555";"069";"Einführung in das Operations Research I und II"
"18";"40";"069";"Einführung in die Technische Mechanik I: Statik und Festigkeitslehre"
"18";"163";"069";"Mathematik 2 - Abschlussklausur"
"18";"5";"069";"Betriebswirtschaftslehre: Unternehmensführung und Informationswirtschaft"
"24";"370";"MaxEl";"Grundlagen Lebensmittelverfahrenstechnik"
"24";"195";"MaxEl";"Programmieren I: Java"
"24";"92";"MaxEl";"Grundlagen der Informatik I"
"24";"96";"MaxEl";"Grundlagen der Informatik II"
"28";"44";"thomas1913";"Financial Management"
"28";"121";"thomas1913";"Grundlagen für mobile Business"
"23";"499";"Hannebambel";"Energy Market Engineering"
"2";"514";"julian";"Service Analytics A"
"2";"343";"julian";"Modeling and Analyzing Consumer Behavior with R"
"2";"334";"julian";"Innovationsmanagement: Konzepte, Strategien und Methoden"
"27";"59";"WiWiWise";"Anwendungen der Künstlichen Intelligenz"
"27";"234";"WiWiWise";"Wettbewerb in Netzen"
"27";"30";"WiWiWise";"Einführung in die Spieltheorie"
"27";"197";"WiWiWise";"Programmierung kommerzieller Systeme - Anwendungen in Netzen mit Java"
"32";"86";"seiju";"Grundlagen der Fahrzeugtechnik I"
"32";"89";"seiju";"Grundlagen der Fahrzeugtechnik II"
"32";"30";"seiju";"Einführung in die Spieltheorie"
"32";"150";"seiju";"Qualitätsmanagement"
"32";"119";"seiju";"Entscheidungstheorie"
"32";"205";"seiju";"Taktisches und operatives Supply Chain Management"
"32";"197";"seiju";"Programmierung kommerzieller Systeme - Anwendungen in Netzen mit Java"
"32";"52";"seiju";"Angewandte Informatik I - Modellierung"
"48";"140";"Philipp";"Öffentliche Einnahmen"
"48";"199";"Philipp";"Programmierung kommerzieller Systeme - Einsatz betrieblicher Standardsoftware"
"48";"190";"Philipp";"Produktionstechnologien und Managementansätze im Automobilbau"
"2";"348";"julian";"Innovationstheorie und -politik"
"34";"380";"Kikiri";"Operations Research in Health Care Management"
"34";"315";"Kikiri";"Lasereinsatz im Automobilbau"
"34";"120";"Kikiri";"Management von Informatik-Projekten"
"34";"217";"Kikiri";"Pulvermetallurgische Hochleistungswerkstoffe"
"34";"228";"Kikiri";"Werkstoffkunde II für Wirtschaftsingenieure"
"34";"180";"Kikiri";"Product Lifecycle Management"
"34";"408";"Kikiri";"PLM-CAD Workshop"
"34";"238";"Kikiri";"Wissensmanagement"
"34";"122";"Kikiri";"Marketing Mix"
"51";"140";"TobiWe";"Öffentliche Einnahmen"
"51";"304";"TobiWe";"Digital Transformation of Organizations"
"23";"104";"Hannebambel";"Integrierte Produktionsplanung"
"23";"194";"Hannebambel";"Modellierung von Geschäftsprozessen"
"17";"205";"Mcduniel";"Taktisches und operatives Supply Chain Management"
"53";"276";"Der_Proktologe";"Anlagenwirtschaft"
"53";"151";"Der_Proktologe";"Physikalische Grundlagen der Lasertechnik"
"53";"317";"Der_Proktologe";"Lean Construction"
"53";"448";"Der_Proktologe";"Projektarbeit Lean Construction"
"53";"307";"Der_Proktologe";"Automatisierte Produktionsanlagen"
"53";"278";"Der_Proktologe";"Incentives in Organizations"
"53";"548";"Der_Proktologe";"Experimentelle Wirtschaftsforschung"
"53";"262";"Der_Proktologe";"Bauleitung"
"53";"480";"Der_Proktologe";"Virtual Engineering I"
"51";"120";"TobiWe";"Management von Informatik-Projekten"
"59";"22";"Steibi";"Betriebswirtschaftslehre: Finanzwirtschaft und Rechnungswesen"
"59";"5";"Steibi";"Betriebswirtschaftslehre: Unternehmensführung und Informationswirtschaft"
"59";"242";"Steibi";"Volkswirtschaftslehre I: Mikroökonomie"
"59";"195";"Steibi";"Programmieren I: Java"
"59";"92";"Steibi";"Grundlagen der Informatik I"
"59";"227";"Steibi";"Werkstoffkunde I für Wirtschaftsingenieure"
"59";"161";"Steibi";"Mathematik 1 - Abschlussklausur"
"59";"158";"Steibi";"Mathematik 1 - Semesterklausur"
"59";"165";"Steibi";"Mathematik 2 - Semesterklausur"
"59";"163";"Steibi";"Mathematik 2 - Abschlussklausur"
"58";"229";"Bodensee";"Verfahrenstechnische Grundlagen am Beispiel der Lebensmittelverarbeitung"
"58";"228";"Bodensee";"Werkstoffkunde II für Wirtschaftsingenieure"
"58";"197";"Bodensee";"Programmierung kommerzieller Systeme - Anwendungen in Netzen mit Java"
"58";"158";"Bodensee";"Mathematik 1 - Semesterklausur"
"58";"161";"Bodensee";"Mathematik 1 - Abschlussklausur"
"58";"165";"Bodensee";"Mathematik 2 - Semesterklausur"
"58";"163";"Bodensee";"Mathematik 2 - Abschlussklausur"
"58";"211";"Bodensee";"Statistik I"
"58";"195";"Bodensee";"Programmieren I: Java"
"58";"92";"Bodensee";"Grundlagen der Informatik I"
"58";"244";"Bodensee";"Volkswirtschaftslehre II: Makroökonomie"
"58";"40";"Bodensee";"Einführung in die Technische Mechanik I: Statik und Festigkeitslehre"
"58";"227";"Bodensee";"Werkstoffkunde I für Wirtschaftsingenieure"
"58";"242";"Bodensee";"Volkswirtschaftslehre I: Mikroökonomie"
"58";"22";"Bodensee";"Betriebswirtschaftslehre: Finanzwirtschaft und Rechnungswesen"
"58";"5";"Bodensee";"Betriebswirtschaftslehre: Unternehmensführung und Informationswirtschaft"
"58";"27";"Bodensee";"Betriebswirtschaftslehre: Produktionswirtschaft und Marketing"
"22";"357";"Johannes";"Mathematische Modelle und Methoden für Produktionssysteme"
"22";"536";"Johannes";"Ereignisdiskrete Simulation in Produktion und Logistik"
"34";"334";"Kikiri";"Innovationsmanagement: Konzepte, Strategien und Methoden"
"34";"263";"Kikiri";"Aktuelle Themen im Innovationsmanagement"
"61";"7";"Becca";"Economics and Behavior"
"61";"104";"Becca";"Integrierte Produktionsplanung"
"61";"323";"Becca";"Globale Produktion und Logistik - Teil 2: Globale Logistik"
"61";"98";"Becca";"Lager- und Distributionssysteme"
"61";"105";"Becca";"Logistik - Aufbau, Gestaltung und Steuerung von Logistiksystemen"
"61";"194";"Becca";"Modellierung von Geschäftsprozessen"
"61";"190";"Becca";"Produktionstechnologien und Managementansätze im Automobilbau"
"61";"150";"Becca";"Qualitätsmanagement"
"61";"430";"Becca";"Telekommunikations- und Internetökonomie"
"61";"285";"Becca";"Industrial Services"
"61";"30";"Becca";"Einführung in die Spieltheorie"
"61";"212";"Becca";"Unternehmensführung und Strategisches Management"
"61";"117";"Becca";"Grundlagen der Technischen Logistik"
"61";"197";"Becca";"Programmierung kommerzieller Systeme - Anwendungen in Netzen mit Java"
"61";"52";"Becca";"Angewandte Informatik I - Modellierung"
"61";"113";"Becca";"Grundlagen der Produktionswirtschaft"
"49";"122";"Langschläfer";"Marketing Mix"
"21";"435";"JDpower910";"Umwelt- und Ressourcenpolitik"
"21";"307";"JDpower910";"Automatisierte Produktionsanlagen"
"21";"120";"JDpower910";"Management von Informatik-Projekten"
"61";"321";"Becca";"Globale Produktion und Logistik - Teil 1: Globale Produktion"
"61";"96";"Becca";"Grundlagen der Informatik II"
"61";"214";"Becca";"Statistik II"
"61";"195";"Becca";"Programmieren I: Java"
"63";"319";"Svenson";"Liberalised Power Markets"
"63";"91";"Svenson";"Klimatologie"
"64";"22";"davis36";"Betriebswirtschaftslehre: Finanzwirtschaft und Rechnungswesen"
"64";"5";"davis36";"Betriebswirtschaftslehre: Unternehmensführung und Informationswirtschaft"
"63";"405";"Svenson";"Planspiel Energiewirtschaft"
"63";"170";"Svenson";"Meteorologische Naturgefahren"
"63";"537";"Svenson";"Entrepreneurship"
"13";"261";"MaxSta123";"Asset Pricing"
"13";"120";"MaxSta123";"Management von Informatik-Projekten"
"13";"307";"MaxSta123";"Automatisierte Produktionsanlagen"
"13";"348";"MaxSta123";"Innovationstheorie und -politik"
"13";"242";"MaxSta123";"Volkswirtschaftslehre I: Mikroökonomie"
"13";"244";"MaxSta123";"Volkswirtschaftslehre II: Makroökonomie"
"13";"22";"MaxSta123";"Betriebswirtschaftslehre: Finanzwirtschaft und Rechnungswesen"
"13";"5";"MaxSta123";"Betriebswirtschaftslehre: Unternehmensführung und Informationswirtschaft"
"13";"27";"MaxSta123";"Betriebswirtschaftslehre: Produktionswirtschaft und Marketing"
"13";"156";"MaxSta123";"Rechnungswesen"
"13";"92";"MaxSta123";"Grundlagen der Informatik I"
"13";"96";"MaxSta123";"Grundlagen der Informatik II"
"13";"555";"MaxSta123";"Einführung in das Operations Research I und II"
"13";"161";"MaxSta123";"Mathematik 1 - Abschlussklausur"
"13";"158";"MaxSta123";"Mathematik 1 - Semesterklausur"
"13";"165";"MaxSta123";"Mathematik 2 - Semesterklausur"
"13";"163";"MaxSta123";"Mathematik 2 - Abschlussklausur"
"13";"167";"MaxSta123";"Mathematik 3 - Abschlussklausur"
"13";"211";"MaxSta123";"Statistik I"
"13";"214";"MaxSta123";"Statistik II"
"13";"40";"MaxSta123";"Einführung in die Technische Mechanik I: Statik und Festigkeitslehre"
"13";"85";"MaxSta123";"Elektrotechnik I für Wirtschaftsingenieure"
"13";"227";"MaxSta123";"Werkstoffkunde I für Wirtschaftsingenieure"
"32";"5";"seiju";"Betriebswirtschaftslehre: Unternehmensführung und Informationswirtschaft"
"32";"22";"seiju";"Betriebswirtschaftslehre: Finanzwirtschaft und Rechnungswesen"
"32";"27";"seiju";"Betriebswirtschaftslehre: Produktionswirtschaft und Marketing"
"27";"205";"WiWiWise";"Taktisches und operatives Supply Chain Management"
"27";"227";"WiWiWise";"Werkstoffkunde I für Wirtschaftsingenieure"
"27";"85";"WiWiWise";"Elektrotechnik I für Wirtschaftsingenieure"
"63";"456";"Svenson";"Umweltökonomik und Nachhaltigkeit"
"63";"337";"Svenson";"Efficient Energy Systems and Electric Mobility"
"63";"499";"Svenson";"Energy Market Engineering"
"63";"52";"Svenson";"Angewandte Informatik I - Modellierung"
"63";"209";"Svenson";"Umformtechnik"
"76";"25";"armo16";"Fahrzeugreifen- und Räderentwicklung für PKW"
"76";"559";"armo16";"Informationssicherheit"
"76";"122";"armo16";"Marketing Mix"
"59";"211";"Steibi";"Statistik I"
"59";"40";"Steibi";"Einführung in die Technische Mechanik I: Statik und Festigkeitslehre"
"16";"409";"derhahnmusslaufen";"Regulierungstheorie und -praxis"
"16";"194";"derhahnmusslaufen";"Modellierung von Geschäftsprozessen"
"16";"535";"derhahnmusslaufen";"Smart Energy Infrastructure"
"16";"527";"derhahnmusslaufen";"Straßenverkehrstechnik"
"16";"283";"derhahnmusslaufen";"Berechnungsverfahren und Modelle in der Verkehrsplanung"
"16";"366";"derhahnmusslaufen";"Fern- und Luftverkehr"
"16";"430";"derhahnmusslaufen";"Telekommunikations- und Internetökonomie"
"16";"192";"derhahnmusslaufen";"Modellieren und OR-Software: Einführung"
"63";"19";"Svenson";"Einführung in die Energiewirtschaft"
"33";"344";"PhilWil";"Marketingkommunikation"
"33";"537";"PhilWil";"Entrepreneurship"
"22";"100";"Johannes";"Integrative Strategien und deren Umsetzung in Produktion und Entwicklung von Sportwagen"
"49";"33";"Langschläfer";"Dienstleistungs- und B2B Marketing"
"49";"106";"Langschläfer";"International Marketing"
"22";"132";"Johannes";"Materialfluss in Logistiksystemen"
"24";"514";"MaxEl";"Service Analytics A"
"49";"30";"Langschläfer";"Einführung in die Spieltheorie"
"49";"119";"Langschläfer";"Entscheidungstheorie"
"49";"208";"Langschläfer";"Standortplanung und strategisches Supply Chain Management"
"33";"120";"PhilWil";"Management von Informatik-Projekten"
"49";"205";"Langschläfer";"Taktisches und operatives Supply Chain Management"
"49";"408";"Langschläfer";"PLM-CAD Workshop"
"33";"223";"PhilWil";"Web Science"
"49";"180";"Langschläfer";"Product Lifecycle Management"
"49";"164";"Langschläfer";"Polymerengineering II"
"49";"228";"Langschläfer";"Werkstoffkunde II für Wirtschaftsingenieure"
"49";"89";"Langschläfer";"Grundlagen der Fahrzeugtechnik II"
"49";"86";"Langschläfer";"Grundlagen der Fahrzeugtechnik I"
"49";"52";"Langschläfer";"Angewandte Informatik I - Modellierung"
"49";"199";"Langschläfer";"Programmierung kommerzieller Systeme - Einsatz betrieblicher Standardsoftware"
"49";"242";"Langschläfer";"Volkswirtschaftslehre I: Mikroökonomie"
"49";"244";"Langschläfer";"Volkswirtschaftslehre II: Makroökonomie"
"49";"195";"Langschläfer";"Programmieren I: Java"
"49";"92";"Langschläfer";"Grundlagen der Informatik I"
"49";"96";"Langschläfer";"Grundlagen der Informatik II"
"49";"555";"Langschläfer";"Einführung in das Operations Research I und II"
"49";"85";"Langschläfer";"Elektrotechnik I für Wirtschaftsingenieure"
"49";"40";"Langschläfer";"Einführung in die Technische Mechanik I: Statik und Festigkeitslehre"
"49";"227";"Langschläfer";"Werkstoffkunde I für Wirtschaftsingenieure"
"49";"510";"Langschläfer";"Preisverhandlungen und Verkaufspräsentationen"
"49";"211";"Langschläfer";"Statistik I"
"49";"214";"Langschläfer";"Statistik II"
"49";"22";"Langschläfer";"Betriebswirtschaftslehre: Finanzwirtschaft und Rechnungswesen"
"49";"5";"Langschläfer";"Betriebswirtschaftslehre: Unternehmensführung und Informationswirtschaft"
"49";"27";"Langschläfer";"Betriebswirtschaftslehre: Produktionswirtschaft und Marketing"
"49";"156";"Langschläfer";"Rechnungswesen"
"49";"161";"Langschläfer";"Mathematik 1 - Abschlussklausur"
"49";"158";"Langschläfer";"Mathematik 1 - Semesterklausur"
"49";"163";"Langschläfer";"Mathematik 2 - Abschlussklausur"
"49";"165";"Langschläfer";"Mathematik 2 - Semesterklausur"
"49";"167";"Langschläfer";"Mathematik 3 - Abschlussklausur"
"49";"212";"Langschläfer";"Unternehmensführung und Strategisches Management"
"22";"433";"Johannes";"Produktions- und Logistikmanagement"
"22";"501";"Johannes";"Supply Chain Management in der Automobilindustrie"
"22";"475";"Johannes";"Transportökonomie"
"22";"409";"Johannes";"Regulierungstheorie und -praxis"
"13";"34";"MaxSta123";"Einführung in die Stochastische Optimierung"
"61";"92";"Becca";"Grundlagen der Informatik I"
"61";"5";"Becca";"Betriebswirtschaftslehre: Unternehmensführung und Informationswirtschaft"
"61";"71";"Becca";"Industrieökonomie"
"32";"242";"seiju";"Volkswirtschaftslehre I: Mikroökonomie"
"32";"156";"seiju";"Rechnungswesen"
"32";"211";"seiju";"Statistik I"
"46";"154";"resaa";"Plattformökonomie"
"46";"56";"resaa";"Foundations of Digital Services A"
"46";"149";"resaa";"Organisationsmanagement"
"46";"50";"resaa";"Einführung in die Wirtschaftspolitik"
"46";"199";"resaa";"Programmierung kommerzieller Systeme - Einsatz betrieblicher Standardsoftware"
"22";"314";"Johannes";"Business and IT Service Management"
"22";"187";"Johannes";"Produktions- und Logistikcontrolling"
"21";"158";"JDpower910";"Mathematik 1 - Semesterklausur"
"21";"165";"JDpower910";"Mathematik 2 - Semesterklausur"
"21";"163";"JDpower910";"Mathematik 2 - Abschlussklausur"
"61";"314";"Becca";"Business and IT Service Management"
"21";"167";"JDpower910";"Mathematik 3 - Abschlussklausur"
"21";"22";"JDpower910";"Betriebswirtschaftslehre: Finanzwirtschaft und Rechnungswesen"
"61";"278";"Becca";"Incentives in Organizations"
"21";"242";"JDpower910";"Volkswirtschaftslehre I: Mikroökonomie"
"21";"244";"JDpower910";"Volkswirtschaftslehre II: Makroökonomie"
"21";"5";"JDpower910";"Betriebswirtschaftslehre: Unternehmensführung und Informationswirtschaft"
"21";"195";"JDpower910";"Programmieren I: Java"
"21";"27";"JDpower910";"Betriebswirtschaftslehre: Produktionswirtschaft und Marketing"
"21";"92";"JDpower910";"Grundlagen der Informatik I"
"21";"555";"JDpower910";"Einführung in das Operations Research I und II"
"21";"211";"JDpower910";"Statistik I"
"21";"156";"JDpower910";"Rechnungswesen"
"21";"96";"JDpower910";"Grundlagen der Informatik II"
"21";"40";"JDpower910";"Einführung in die Technische Mechanik I: Statik und Festigkeitslehre"
"21";"85";"JDpower910";"Elektrotechnik I für Wirtschaftsingenieure"
"21";"214";"JDpower910";"Statistik II"
"21";"180";"JDpower910";"Product Lifecycle Management"
"21";"205";"JDpower910";"Taktisches und operatives Supply Chain Management"
"21";"273";"JDpower910";"Immobilienwirtschaft und Nachhaltigkeit Teil 1: Grundlagen und Wertermittlung"
"21";"275";"JDpower910";"Immobilienwirtschaft und Nachhaltigkeit Teil 2: Reporting und Rating"
"21";"110";"JDpower910";"Logistiksysteme auf Flughäfen"
"21";"344";"JDpower910";"Marketingkommunikation"
"87";"537";"Trivial";"Entrepreneurship"
"21";"301";"JDpower910";"Digital Service Design"
"21";"293";"JDpower910";"Digital Marketing and Sales in B2B"
"87";"307";"Trivial";"Automatisierte Produktionsanlagen"
"21";"362";"JDpower910";"Fallstudienseminar Innovationsmanagement"
"46";"140";"resaa";"Öffentliche Einnahmen"
"63";"529";"Svenson";"Service Innovation"
"31";"192";"NikLe";"Modellieren und OR-Software: Einführung"
"94";"30";"Ananas";"Einführung in die Spieltheorie"
"96";"205";"LivWe";"Taktisches und operatives Supply Chain Management"
"91";"22";"JustusAurelius";"Betriebswirtschaftslehre: Finanzwirtschaft und Rechnungswesen"
"91";"5";"JustusAurelius";"Betriebswirtschaftslehre: Unternehmensführung und Informationswirtschaft"
"91";"27";"JustusAurelius";"Betriebswirtschaftslehre: Produktionswirtschaft und Marketing"
"91";"156";"JustusAurelius";"Rechnungswesen"
"97";"140";"Chris";"Öffentliche Einnahmen"
"100";"115";"Test124";"Investments"
"91";"242";"JustusAurelius";"Volkswirtschaftslehre I: Mikroökonomie"
"91";"244";"JustusAurelius";"Volkswirtschaftslehre II: Makroökonomie"
"100";"243";"Test124";"Volkswirtschaftslehre III: Einführung in die Ökonometrie"
"103";"243";"BurSar";"Volkswirtschaftslehre III: Einführung in die Ökonometrie"
"108";"9";"Kwajo";"Baubetriebstechnik"
"110";"321";"tikuh";"Globale Produktion und Logistik - Teil 1: Globale Produktion"
"110";"117";"tikuh";"Grundlagen der Technischen Logistik"
"113";"152";"marv96";"Real Estate Management I"
"138";"59";"Justus";"Anwendungen der Künstlichen Intelligenz"
"144";"234";"wiwi2015";"Wettbewerb in Netzen"
"144";"30";"wiwi2015";"Einführung in die Spieltheorie"
"144";"208";"wiwi2015";"Standortplanung und strategisches Supply Chain Management"
"144";"157";"wiwi2015";"PLM für mechatronische Produktentwicklung"
"144";"180";"wiwi2015";"Product Lifecycle Management"
"144";"122";"wiwi2015";"Marketing Mix"
"144";"159";"wiwi2015";"Renewable Energy-Resources, Technologies and Economics"
"144";"113";"wiwi2015";"Grundlagen der Produktionswirtschaft"
"144";"92";"wiwi2015";"Grundlagen der Informatik I"
"144";"244";"wiwi2015";"Volkswirtschaftslehre II: Makroökonomie"
"144";"156";"wiwi2015";"Rechnungswesen"
"144";"96";"wiwi2015";"Grundlagen der Informatik II"
"28";"115";"thomas1913";"Investments"
"159";"197";"Fortuna95";"Programmierung kommerzieller Systeme - Anwendungen in Netzen mit Java"
"164";"22";"Kölner";"Betriebswirtschaftslehre: Finanzwirtschaft und Rechnungswesen"
"165";"29";"MunktheTunk";"Derivate"
"165";"425";"MunktheTunk";"Valuation"
"165";"240";"MunktheTunk";"Workflow-Management"
"171";"116";"lwwlt";"Management Accounting 1"
"173";"22";"Leosophie";"Betriebswirtschaftslehre: Finanzwirtschaft und Rechnungswesen"
"173";"5";"Leosophie";"Betriebswirtschaftslehre: Unternehmensführung und Informationswirtschaft"
"173";"27";"Leosophie";"Betriebswirtschaftslehre: Produktionswirtschaft und Marketing"
"173";"115";"Leosophie";"Investments"
"173";"122";"Leosophie";"Marketing Mix"
"175";"440";"luba123";"Sales Management and Retailing"
"180";"19";"clarii_ho";"Einführung in die Energiewirtschaft"
"180";"101";"clarii_ho";"Energiepolitik"
"190";"212";"wissensdurst";"Unternehmensführung und Strategisches Management"
"190";"149";"wissensdurst";"Organisationsmanagement"
"190";"122";"wissensdurst";"Marketing Mix"
"136";"195";"julian1998";"Programmieren I: Java"
"136";"22";"julian1998";"Betriebswirtschaftslehre: Finanzwirtschaft und Rechnungswesen"
"136";"5";"julian1998";"Betriebswirtschaftslehre: Unternehmensführung und Informationswirtschaft"
"136";"27";"julian1998";"Betriebswirtschaftslehre: Produktionswirtschaft und Marketing"
"136";"242";"julian1998";"Volkswirtschaftslehre I: Mikroökonomie"
"136";"85";"julian1998";"Elektrotechnik I für Wirtschaftsingenieure"
"136";"92";"julian1998";"Grundlagen der Informatik I"
"136";"158";"julian1998";"Mathematik 1 - Semesterklausur"
"136";"161";"julian1998";"Mathematik 1 - Abschlussklausur"
"136";"163";"julian1998";"Mathematik 2 - Abschlussklausur"
"136";"165";"julian1998";"Mathematik 2 - Semesterklausur"
"136";"244";"julian1998";"Volkswirtschaftslehre II: Makroökonomie"
"65";"122";"Bigmo";"Marketing Mix"
"91";"165";"JustusAurelius";"Mathematik 2 - Semesterklausur"
"234";"34";"__AG__";"Einführung in die Stochastische Optimierung"
"263";"116";"WIWIboss";"Management Accounting 1"
"267";"29";"PJR94";"Derivate"
"190";"30";"wissensdurst";"Einführung in die Spieltheorie"
"190";"71";"wissensdurst";"Industrieökonomie"
"190";"86";"wissensdurst";"Grundlagen der Fahrzeugtechnik I"
"190";"87";"wissensdurst";"Elektrotechnik II für Wirtschaftsingenieure"
"190";"205";"wissensdurst";"Taktisches und operatives Supply Chain Management"
"190";"197";"wissensdurst";"Programmierung kommerzieller Systeme - Anwendungen in Netzen mit Java"
"190";"167";"wissensdurst";"Mathematik 3 - Abschlussklausur"
"190";"165";"wissensdurst";"Mathematik 2 - Semesterklausur"
"190";"163";"wissensdurst";"Mathematik 2 - Abschlussklausur"
"190";"158";"wissensdurst";"Mathematik 1 - Semesterklausur"
"190";"161";"wissensdurst";"Mathematik 1 - Abschlussklausur"
"190";"227";"wissensdurst";"Werkstoffkunde I für Wirtschaftsingenieure"
"190";"214";"wissensdurst";"Statistik II"
"190";"211";"wissensdurst";"Statistik I"
"190";"40";"wissensdurst";"Einführung in die Technische Mechanik I: Statik und Festigkeitslehre"
"190";"48";"wissensdurst";"Einführung in die Technische Mechanik II: Dynamik"
"190";"85";"wissensdurst";"Elektrotechnik I für Wirtschaftsingenieure"
"190";"555";"wissensdurst";"Einführung in das Operations Research I und II"
"190";"96";"wissensdurst";"Grundlagen der Informatik II"
"190";"92";"wissensdurst";"Grundlagen der Informatik I"
"190";"195";"wissensdurst";"Programmieren I: Java"
"190";"244";"wissensdurst";"Volkswirtschaftslehre II: Makroökonomie"
"190";"242";"wissensdurst";"Volkswirtschaftslehre I: Mikroökonomie"
"190";"156";"wissensdurst";"Rechnungswesen"
"190";"27";"wissensdurst";"Betriebswirtschaftslehre: Produktionswirtschaft und Marketing"
"190";"5";"wissensdurst";"Betriebswirtschaftslehre: Unternehmensführung und Informationswirtschaft"
"190";"22";"wissensdurst";"Betriebswirtschaftslehre: Finanzwirtschaft und Rechnungswesen"
"276";"366";"burglu";"Fern- und Luftverkehr"
"276";"180";"burglu";"Product Lifecycle Management"
"34";"332";"Kikiri";"Market Engineering: Information in Institutions"
"45";"226";"jDeko";"Strategisches Management der betrieblichen Informationsverarbeitung"
"326";"95";"wiwikit123";"Knowledge Discovery"
"208";"102";"Schokolade";"Logistics and Supply Chain Management"
"208";"243";"Schokolade";"Volkswirtschaftslehre III: Einführung in die Ökonometrie"
"208";"119";"Schokolade";"Entscheidungstheorie"
"208";"110";"Schokolade";"Logistiksysteme auf Flughäfen"
"335";"120";"Angsthengst";"Management von Informatik-Projekten"
"338";"182";"maxalbrecht";"Software-Qualitätsmanagement"
"338";"510";"maxalbrecht";"Preisverhandlungen und Verkaufspräsentationen"
"338";"347";"maxalbrecht";"BWL der Informationsunternehmen"
"339";"126";"L3G3NDARY";"Maschinelles Lernen 1 - Grundverfahren"
"338";"246";"maxalbrecht";"Geschäftsmodelle im Internet: Planung und Umsetzung"
"338";"471";"maxalbrecht";"Vertragsgestaltung"
"144";"199";"wiwi2015";"Programmierung kommerzieller Systeme - Einsatz betrieblicher Standardsoftware"
"21";"97";"JDpower910";"Energieeffiziente Intralogistiksysteme (mach und wiwi)"
"21";"256";"JDpower910";"Case Studies in Sales and Pricing"
"41";"120";"MaxWie";"Management von Informatik-Projekten"
"41";"261";"MaxWie";"Asset Pricing"
"41";"92";"MaxWie";"Grundlagen der Informatik I"
"41";"96";"MaxWie";"Grundlagen der Informatik II"
"41";"115";"MaxWie";"Investments"
"41";"195";"MaxWie";"Programmieren I: Java"
"41";"26";"MaxWie";"Datenbanksysteme und XML"
"190";"33";"wissensdurst";"Dienstleistungs- und B2B Marketing"
"190";"181";"wissensdurst";"Software Engineering"
"41";"197";"MaxWie";"Programmierung kommerzieller Systeme - Anwendungen in Netzen mit Java"
"24";"8";"MaxEl";"Computational Economics"
"335";"501";"Angsthengst";"Supply Chain Management in der Automobilindustrie"
"335";"223";"Angsthengst";"Web Science"
"414";"132";"Surfer";"Materialfluss in Logistiksystemen"
"139";"197";"Lejan";"Programmierung kommerzieller Systeme - Anwendungen in Netzen mit Java"
"23";"95";"Hannebambel";"Knowledge Discovery"
"2";"117";"julian";"Grundlagen der Technischen Logistik"
"21";"561";"JDpower910";"Digital Health"
"21";"515";"JDpower910";"Pricing"
"180";"24";"clarii_ho";"Einführung in die Finanzwissenschaft"
"180";"52";"clarii_ho";"Angewandte Informatik I - Modellierung"
"180";"197";"clarii_ho";"Programmierung kommerzieller Systeme - Anwendungen in Netzen mit Java"
"180";"177";"clarii_ho";"Simulation I"
"180";"179";"clarii_ho";"Simulation II"
"180";"104";"clarii_ho";"Integrierte Produktionsplanung"
"180";"126";"clarii_ho";"Maschinelles Lernen 1 - Grundverfahren"
"180";"208";"clarii_ho";"Standortplanung und strategisches Supply Chain Management"
"378";"292";"Otter";"BioMEMS - Mikrosystemtechnik für Life-Sciences und Medizin I"
"378";"67";"Otter";"Aufbau und Eigenschaften verschleißfester Werkstoffe"
"378";"565";"Otter";"Human Factors in Security and Privacy"
"420";"156";"Retimpe";"Rechnungswesen"
"420";"208";"Retimpe";"Standortplanung und strategisches Supply Chain Management"
"153";"186";"Davide96";"Produktion und Nachhaltigkeit"
"153";"159";"Davide96";"Renewable Energy-Resources, Technologies and Economics"
"153";"208";"Davide96";"Standortplanung und strategisches Supply Chain Management"
"94";"56";"Ananas";"Foundations of Digital Services A"
"235";"41";"fabirueh";"Financial Accounting for Global Firms"
"378";"248";"Otter";"Advanced Game Theory"
"449";"392";"Yuchenz";"Patentrecht"
"30";"317";"littleprincess92";"Lean Construction"
"30";"422";"littleprincess92";"Risk Management in Industrial Supply Networks"
"380";"26";"Jessi205";"Datenbanksysteme und XML"
"180";"22";"clarii_ho";"Betriebswirtschaftslehre: Finanzwirtschaft und Rechnungswesen"
"226";"145";"MGK__";"Personalpolitik und Arbeitsmarktinstitutionen"
"190";"89";"wissensdurst";"Grundlagen der Fahrzeugtechnik II"
"248";"126";"Mikel";"Maschinelles Lernen 1 - Grundverfahren"
"248";"276";"Mikel";"Anlagenwirtschaft"
"248";"14";"Mikel";"Fahreigenschaften von Kraftfahrzeugen I"
"248";"86";"Mikel";"Grundlagen der Fahrzeugtechnik I"
"248";"501";"Mikel";"Supply Chain Management in der Automobilindustrie"
"378";"404";"Otter";"Regelkonformes Verhalten im Unternehmensbereich"
"139";"85";"Lejan";"Elektrotechnik I für Wirtschaftsingenieure"
"468";"197";"DavidBechtoldt";"Programmierung kommerzieller Systeme - Anwendungen in Netzen mit Java"
"218";"440";"Asmus";"Sales Management and Retailing"
"335";"396";"Angsthengst";"Personalization and Services"
"58";"85";"Bodensee";"Elektrotechnik I für Wirtschaftsingenieure"
"338";"396";"maxalbrecht";"Personalization and Services"
"190";"228";"wissensdurst";"Werkstoffkunde II für Wirtschaftsingenieure"
"484";"167";"Young";"Mathematik 3 - Abschlussklausur"
"491";"555";"Kitkat";"Einführung in das Operations Research I und II"
"507";"228";"AnonymerWiWi";"Werkstoffkunde II für Wirtschaftsingenieure"
"507";"167";"AnonymerWiWi";"Mathematik 3 - Abschlussklausur"
"2";"555";"julian";"Einführung in das Operations Research I und II"
"24";"406";"MaxEl";"Endogene Wachstumstheorie"
"32";"95";"seiju";"Knowledge Discovery"
"32";"321";"seiju";"Globale Produktion und Logistik - Teil 1: Globale Produktion"
"27";"159";"WiWiWise";"Renewable Energy-Resources, Technologies and Economics"
"28";"6";"thomas1913";"Bahnsystemtechnik"
"552";"208";"Iaenz";"Standortplanung und strategisches Supply Chain Management"
"392";"234";"studi261994";"Wettbewerb in Netzen"
"573";"48";"mmmmm";"Einführung in die Technische Mechanik II: Dynamik"
"58";"208";"Bodensee";"Standortplanung und strategisches Supply Chain Management"
"30";"537";"littleprincess92";"Entrepreneurship"
"617";"56";"timostorz";"Foundations of Digital Services A"
"625";"135";"kafi1610";"Materialien und Prozesse für den Karosserieleichtbau in der Automobilindustrie"
"640";"205";"johnwick";"Taktisches und operatives Supply Chain Management"
"640";"19";"johnwick";"Einführung in die Energiewirtschaft"
"456";"167";"regulaereBohne";"Mathematik 3 - Abschlussklausur"
"456";"104";"regulaereBohne";"Integrierte Produktionsplanung"
"456";"86";"regulaereBohne";"Grundlagen der Fahrzeugtechnik I"
"456";"89";"regulaereBohne";"Grundlagen der Fahrzeugtechnik II"
"456";"122";"regulaereBohne";"Marketing Mix"
"456";"7";"regulaereBohne";"Economics and Behavior"
"640";"145";"johnwick";"Personalpolitik und Arbeitsmarktinstitutionen"
"640";"59";"johnwick";"Anwendungen der Künstlichen Intelligenz"
"640";"197";"johnwick";"Programmierung kommerzieller Systeme - Anwendungen in Netzen mit Java"
"640";"9";"johnwick";"Baubetriebstechnik"
"52";"501";"Joogi";"Supply Chain Management in der Automobilindustrie"
"12";"328";"Robert";"Markenrecht"
"12";"120";"Robert";"Management von Informatik-Projekten"
"12";"470";"Robert";"Public Management"
"12";"29";"Robert";"Derivate"
"107";"23";"phonoxify";"Datenbanksysteme"
"107";"59";"phonoxify";"Anwendungen der Künstlichen Intelligenz"
"248";"21";"Mikel";"Fahrzeugmechatronik I"
"272";"152";"Hansi";"Real Estate Management I"
"272";"195";"Hansi";"Programmieren I: Java"
"272";"50";"Hansi";"Einführung in die Wirtschaftspolitik"
"241";"548";"svenkoepke";"Experimentelle Wirtschaftsforschung"
"241";"8";"svenkoepke";"Computational Economics"
"156";"150";"Kamuchi";"Qualitätsmanagement"
"156";"137";"Kamuchi";"Grundsätze der PKW-Entwicklung I"
"156";"14";"Kamuchi";"Fahreigenschaften von Kraftfahrzeugen I"
"474";"22";"Jascha";"Betriebswirtschaftslehre: Finanzwirtschaft und Rechnungswesen"
"474";"5";"Jascha";"Betriebswirtschaftslehre: Unternehmensführung und Informationswirtschaft"
"156";"430";"Kamuchi";"Telekommunikations- und Internetökonomie"
"474";"211";"Jascha";"Statistik I"
"156";"118";"Kamuchi";"Management Accounting 2"
"474";"214";"Jascha";"Statistik II"
"474";"208";"Jascha";"Standortplanung und strategisches Supply Chain Management"
"474";"140";"Jascha";"Öffentliche Einnahmen"
"474";"24";"Jascha";"Einführung in die Finanzwissenschaft"
"474";"156";"Jascha";"Rechnungswesen"
"474";"27";"Jascha";"Betriebswirtschaftslehre: Produktionswirtschaft und Marketing"
"474";"52";"Jascha";"Angewandte Informatik I - Modellierung"
"474";"26";"Jascha";"Datenbanksysteme und XML"
"474";"92";"Jascha";"Grundlagen der Informatik I"
"474";"96";"Jascha";"Grundlagen der Informatik II"
"474";"195";"Jascha";"Programmieren I: Java"
"474";"199";"Jascha";"Programmierung kommerzieller Systeme - Einsatz betrieblicher Standardsoftware"
"156";"196";"Kamuchi";"Spezialvorlesung Betriebliche Informationssysteme"
"474";"242";"Jascha";"Volkswirtschaftslehre I: Mikroökonomie"
"474";"244";"Jascha";"Volkswirtschaftslehre II: Makroökonomie"
"685";"26";"Sebastian";"Datenbanksysteme und XML"
"474";"271";"Jascha";"Datenschutzrecht"
"474";"37";"Jascha";"BGB für Anfänger"
"474";"141";"Jascha";"Öffentliches Recht I - Grundlagen"
"474";"143";"Jascha";"Öffentliches Recht II - Öffentliches Wirtschaftsrecht"
"474";"227";"Jascha";"Werkstoffkunde I für Wirtschaftsingenieure"
"474";"555";"Jascha";"Einführung in das Operations Research I und II"
"377";"328";"4groot";"Markenrecht"
"14";"532";"Yingkai";"Statistik für Fortgeschrittene"
"14";"321";"Yingkai";"Globale Produktion und Logistik - Teil 1: Globale Produktion"
"14";"339";"Yingkai";"Business Intelligence Systems"
"14";"160";"Yingkai";"Polymerengineering I"
"17";"29";"Mcduniel";"Derivate"
"17";"58";"Mcduniel";"Börsen"
"14";"244";"Yingkai";"Volkswirtschaftslehre II: Makroökonomie"
"140";"118";"lutzkoehler";"Management Accounting 2"
"140";"208";"lutzkoehler";"Standortplanung und strategisches Supply Chain Management"
"140";"86";"lutzkoehler";"Grundlagen der Fahrzeugtechnik I"
"140";"106";"lutzkoehler";"International Marketing"
"140";"89";"lutzkoehler";"Grundlagen der Fahrzeugtechnik II"
"140";"243";"lutzkoehler";"Volkswirtschaftslehre III: Einführung in die Ökonometrie"
"140";"205";"lutzkoehler";"Taktisches und operatives Supply Chain Management"
"140";"23";"lutzkoehler";"Datenbanksysteme"
"140";"48";"lutzkoehler";"Einführung in die Technische Mechanik II: Dynamik"
"338";"404";"maxalbrecht";"Regelkonformes Verhalten im Unternehmensbereich"
"338";"289";"maxalbrecht";"Arbeitsrecht I"
"338";"526";"maxalbrecht";"Steuerrecht I"
"365";"150";"Ades000";"Qualitätsmanagement"
"365";"321";"Ades000";"Globale Produktion und Logistik - Teil 1: Globale Produktion"
"365";"190";"Ades000";"Produktionstechnologien und Managementansätze im Automobilbau"
"365";"111";"Ades000";"Enterprise Architecture Management"
"468";"152";"DavidBechtoldt";"Real Estate Management I"
"218";"118";"Asmus";"Management Accounting 2"
"218";"248";"Asmus";"Advanced Game Theory"
"218";"132";"Asmus";"Materialfluss in Logistiksystemen"
"218";"328";"Asmus";"Markenrecht"
"218";"510";"Asmus";"Preisverhandlungen und Verkaufspräsentationen"
"625";"178";"kafi1610";"Problemlösung, Kommunikation und Leadership"
"625";"50";"kafi1610";"Einführung in die Wirtschaftspolitik"
"625";"205";"kafi1610";"Taktisches und operatives Supply Chain Management"
"2";"120";"julian";"Management von Informatik-Projekten"
"263";"160";"WIWIboss";"Polymerengineering I"
"139";"234";"Lejan";"Wettbewerb in Netzen"
"139";"48";"Lejan";"Einführung in die Technische Mechanik II: Dynamik"
"156";"17";"Kamuchi";"Fahrzeugkomfort und -akustik I"
"156";"475";"Kamuchi";"Transportökonomie"
"94";"167";"Ananas";"Mathematik 3 - Abschlussklausur"
"32";"396";"seiju";"Personalization and Services"
"32";"208";"seiju";"Standortplanung und strategisches Supply Chain Management"
"153";"154";"Davide96";"Plattformökonomie"
"153";"408";"Davide96";"PLM-CAD Workshop"
"13";"132";"MaxSta123";"Materialfluss in Logistiksystemen"
"49";"111";"Langschläfer";"Enterprise Architecture Management"
"13";"95";"MaxSta123";"Knowledge Discovery"
"49";"103";"Langschläfer";"Grundlagen der Mikrosystemtechnik I"
"49";"497";"Langschläfer";"Praktikum zu Grundlagen der Mikrosystemtechnik"
"752";"113";"MH2512";"Grundlagen der Produktionswirtschaft"
"752";"11";"MH2512";"eFinance: Informationswirtschaft für den Wertpapierhandel"
"752";"56";"MH2512";"Foundations of Digital Services A"
"13";"570";"MaxSta123";"Artificial Intelligence in Service Systems"
"752";"117";"MH2512";"Grundlagen der Technischen Logistik"
"32";"161";"seiju";"Mathematik 1 - Abschlussklausur"
"752";"43";"MH2512";"BioMEMS - Mikrosystemtechnik für Life-Sciences und Medizin II"
"32";"214";"seiju";"Statistik II"
"752";"45";"MH2512";"BioMEMS - Mikrosystemtechnik für Life-Sciences und Medizin III"
"32";"263";"seiju";"Aktuelle Themen im Innovationsmanagement"
"752";"186";"MH2512";"Produktion und Nachhaltigkeit"
"752";"103";"MH2512";"Grundlagen der Mikrosystemtechnik I"
"752";"205";"MH2512";"Taktisches und operatives Supply Chain Management"
"752";"192";"MH2512";"Modellieren und OR-Software: Einführung"
"752";"30";"MH2512";"Einführung in die Spieltheorie"
"752";"62";"MH2512";"Auction & Mechanism Design"
"752";"187";"MH2512";"Produktions- und Logistikcontrolling"
"752";"23";"MH2512";"Datenbanksysteme"
"752";"197";"MH2512";"Programmierung kommerzieller Systeme - Anwendungen in Netzen mit Java"
"487";"162";"DiscoDieter";"Semantic Web Technologien"
"771";"22";"floerres";"Betriebswirtschaftslehre: Finanzwirtschaft und Rechnungswesen"
"12";"47";"Robert";"Finanzintermediation"
"14";"151";"Yingkai";"Physikalische Grundlagen der Lasertechnik"
"156";"131";"Kamuchi";"Grundsätze der Nutzfahrzeugentwicklung I"
"292";"26";"Rafael";"Datenbanksysteme und XML"
"276";"250";"burglu";"Advanced Management Accounting"
"276";"475";"burglu";"Transportökonomie"
"190";"106";"wissensdurst";"International Marketing"
"375";"513";"Bananenbrot";"Energy Networks and Regulation"
"797";"29";"julia19";"Derivate"
"797";"208";"julia19";"Standortplanung und strategisches Supply Chain Management"
"797";"81";"julia19";"Globale Optimierung I und II"
"797";"212";"julia19";"Unternehmensführung und Strategisches Management"
"802";"136";"YNWA27";"Nichtlineare Optimierung I und II"
"345";"379";"Annii";"Grundzüge der Informationswirtschaft"
"345";"413";"Annii";"Internetrecht"
"345";"396";"Annii";"Personalization and Services"
"345";"126";"Annii";"Maschinelles Lernen 1 - Grundverfahren"
"58";"167";"Bodensee";"Mathematik 3 - Abschlussklausur"
"58";"214";"Bodensee";"Statistik II"
"91";"195";"JustusAurelius";"Programmieren I: Java"
"91";"92";"JustusAurelius";"Grundlagen der Informatik I"
"91";"96";"JustusAurelius";"Grundlagen der Informatik II"
"91";"555";"JustusAurelius";"Einführung in das Operations Research I und II"
"384";"42";"ZLOAN";"Financial Econometrics"
"2";"285";"julian";"Industrial Services"
"365";"340";"Ades000";"Marketing Analytics"
"365";"430";"Ades000";"Telekommunikations- und Internetökonomie"
"365";"493";"Ades000";"Workshop aktuelle Themen Strategie und Management"
"27";"252";"WiWiWise";"CAD-Praktikum NX"
"625";"11";"kafi1610";"eFinance: Informationswirtschaft für den Wertpapierhandel"
"335";"400";"Angsthengst";"Recommendersysteme"
"335";"307";"Angsthengst";"Automatisierte Produktionsanlagen"
"140";"113";"lutzkoehler";"Grundlagen der Produktionswirtschaft"
"378";"570";"Otter";"Artificial Intelligence in Service Systems"
"393";"115";"David";"Investments"
"618";"17";"pa123";"Fahrzeugkomfort und -akustik I"
"618";"15";"pa123";"Fahreigenschaften von Kraftfahrzeugen II"
"94";"7";"Ananas";"Economics and Behavior"
"148";"113";"babatt";"Grundlagen der Produktionswirtschaft"
"27";"113";"WiWiWise";"Grundlagen der Produktionswirtschaft"
"256";"118";"kriim46";"Management Accounting 2"
"752";"484";"MH2512";"Supply Chain Management with Advanced Planning Systems"
"625";"192";"kafi1610";"Modellieren und OR-Software: Einführung"
"10";"229";"thehitchhiker42";"Verfahrenstechnische Grundlagen am Beispiel der Lebensmittelverarbeitung"
"140";"197";"lutzkoehler";"Programmierung kommerzieller Systeme - Anwendungen in Netzen mit Java"
"140";"53";"lutzkoehler";"Angewandte Informatik II - Internet Computing"
"771";"96";"floerres";"Grundlagen der Informatik II"
"812";"22";"Ami28";"Betriebswirtschaftslehre: Finanzwirtschaft und Rechnungswesen"
"812";"559";"Ami28";"Informationssicherheit"
"248";"285";"Mikel";"Industrial Services"
"248";"182";"Mikel";"Software-Qualitätsmanagement"
"494";"19";"jillw";"Einführung in die Energiewirtschaft"
"491";"30";"Kitkat";"Einführung in die Spieltheorie"
"507";"96";"AnonymerWiWi";"Grundlagen der Informatik II"
"507";"178";"AnonymerWiWi";"Problemlösung, Kommunikation und Leadership"
"573";"59";"mmmmm";"Anwendungen der Künstlichen Intelligenz"
"122";"197";"hans_wiwi";"Programmierung kommerzieller Systeme - Anwendungen in Netzen mit Java"
"24";"120";"MaxEl";"Management von Informatik-Projekten"
"899";"523";"DerHoff";"Service Design Thinking"
"491";"102";"Kitkat";"Logistics and Supply Chain Management"
"140";"386";"lutzkoehler";"Operations Research in Supply Chain Management"
"8";"231";"Katja";"Strukturkeramiken"
"393";"41";"David";"Financial Accounting for Global Firms"
"180";"323";"clarii_ho";"Globale Produktion und Logistik - Teil 2: Globale Logistik"
"878";"23";"Darach";"Datenbanksysteme"
"192";"181";"Miroo";"Software Engineering"
"878";"71";"Darach";"Industrieökonomie"
"153";"180";"Davide96";"Product Lifecycle Management"
"153";"105";"Davide96";"Logistik - Aufbau, Gestaltung und Steuerung von Logistiksystemen"
"153";"157";"Davide96";"PLM für mechatronische Produktentwicklung"
"221";"132";"DomHaw";"Materialfluss in Logistiksystemen"
"502";"153";"test_";"Real Estate Management II"
"391";"104";"PMMMM";"Integrierte Produktionsplanung"
"797";"323";"julia19";"Globale Produktion und Logistik - Teil 2: Globale Logistik"
"797";"205";"julia19";"Taktisches und operatives Supply Chain Management"
"797";"116";"julia19";"Management Accounting 1"
"797";"104";"julia19";"Integrierte Produktionsplanung"
"41";"336";"MaxWie";"Business Dynamics"
"932";"192";"kit78146";"Modellieren und OR-Software: Einführung"
"932";"149";"kit78146";"Organisationsmanagement"
"932";"181";"kit78146";"Software Engineering"
"932";"7";"kit78146";"Economics and Behavior"
"940";"140";"SophiaB";"Öffentliche Einnahmen"
"503";"122";"MarieJoa";"Marketing Mix"
"503";"145";"MarieJoa";"Personalpolitik und Arbeitsmarktinstitutionen"
"580";"115";"abcdefg";"Investments"
"580";"119";"abcdefg";"Entscheidungstheorie"
"58";"555";"Bodensee";"Einführung in das Operations Research I und II"
"58";"559";"Bodensee";"Informationssicherheit"
"951";"120";"alewe";"Management von Informatik-Projekten"
"491";"205";"Kitkat";"Taktisches und operatives Supply Chain Management"
"952";"226";"SAM96";"Strategisches Management der betrieblichen Informationsverarbeitung"
"580";"48";"abcdefg";"Einführung in die Technische Mechanik II: Dynamik"
"58";"9";"Bodensee";"Baubetriebstechnik"
"17";"261";"Mcduniel";"Asset Pricing"
"52";"120";"Joogi";"Management von Informatik-Projekten"
"52";"408";"Joogi";"PLM-CAD Workshop"
"17";"148";"Mcduniel";"Physik für Ingenieure"
"52";"157";"Joogi";"PLM für mechatronische Produktentwicklung"
"17";"306";"Mcduniel";"Large-scale Optimierung"
"52";"323";"Joogi";"Globale Produktion und Logistik - Teil 2: Globale Logistik"
"52";"321";"Joogi";"Globale Produktion und Logistik - Teil 1: Globale Produktion"
"52";"285";"Joogi";"Industrial Services"
"52";"126";"Joogi";"Maschinelles Lernen 1 - Grundverfahren"
"468";"559";"DavidBechtoldt";"Informationssicherheit"
"580";"214";"abcdefg";"Statistik II"
"276";"433";"burglu";"Produktions- und Logistikmanagement"
"91";"91";"JustusAurelius";"Klimatologie"
"941";"104";"Janisch";"Integrierte Produktionsplanung"
"941";"386";"Janisch";"Operations Research in Supply Chain Management"
"467";"153";"hendrikbf";"Real Estate Management II"
"467";"140";"hendrikbf";"Öffentliche Einnahmen"
"464";"282";"Doremon";"Design Thinking"
"629";"537";"MaHe95";"Entrepreneurship"
"629";"323";"MaHe95";"Globale Produktion und Logistik - Teil 2: Globale Logistik"
"963";"289";"learningfins";"Arbeitsrecht I"
"963";"39";"learningfins";"Fertigungstechnik"
"963";"471";"learningfins";"Vertragsgestaltung"
"484";"59";"Young";"Anwendungen der Künstlichen Intelligenz"
"263";"34";"WIWIboss";"Einführung in die Stochastische Optimierung"
"605";"162";"Kathi";"Semantic Web Technologien"
"27";"186";"WiWiWise";"Produktion und Nachhaltigkeit"
"672";"120";"Lna_19";"Management von Informatik-Projekten"
"672";"386";"Lna_19";"Operations Research in Supply Chain Management"
"672";"205";"Lna_19";"Taktisches und operatives Supply Chain Management"
"672";"346";"Lna_19";"Eigenschaften von Verkehrsmitteln"
"672";"475";"Lna_19";"Transportökonomie"
"468";"119";"DavidBechtoldt";"Entscheidungstheorie"
"14";"234";"Yingkai";"Wettbewerb in Netzen"
"14";"304";"Yingkai";"Digital Transformation of Organizations"
"464";"419";"Doremon";"IT-Grundlagen der Logistik"
"464";"443";"Doremon";"Energie und Umwelt"
"464";"265";"Doremon";"Challenges in Supply Chain Management"
"464";"296";"Doremon";"Geschäftsplanung für Gründer"
"464";"566";"Doremon";"Praktikum User Studies in Security"
"464";"334";"Doremon";"Innovationsmanagement: Konzepte, Strategien und Methoden"
"345";"514";"Annii";"Service Analytics A"
"345";"526";"Annii";"Steuerrecht I"
"345";"392";"Annii";"Patentrecht"
"345";"129";"Annii";"Maschinelles Lernen 2 - Fortgeschrittene Verfahren"
"345";"304";"Annii";"Digital Transformation of Organizations"
"345";"529";"Annii";"Service Innovation"
"14";"94";"Yingkai";"Informationssysteme in Logistik und Supply Chain Management"
"527";"559";"Kitkit";"Informationssicherheit"
"527";"122";"Kitkit";"Marketing Mix"
"393";"29";"David";"Derivate"
"393";"44";"David";"Financial Management"
"393";"425";"David";"Valuation"
"456";"332";"regulaereBohne";"Market Engineering: Information in Institutions"
"31";"125";"NikLe";"Naturinspirierte Optimierungsverfahren"
"153";"205";"Davide96";"Taktisches und operatives Supply Chain Management"
"58";"140";"Bodensee";"Öffentliche Einnahmen"
"393";"152";"David";"Real Estate Management I"
"393";"153";"David";"Real Estate Management II"
"393";"104";"David";"Integrierte Produktionsplanung"
"393";"24";"David";"Einführung in die Finanzwissenschaft"
"393";"59";"David";"Anwendungen der Künstlichen Intelligenz"
"629";"120";"MaHe95";"Management von Informatik-Projekten"
"393";"197";"David";"Programmierung kommerzieller Systeme - Anwendungen in Netzen mit Java"
"393";"205";"David";"Taktisches und operatives Supply Chain Management"
"393";"208";"David";"Standortplanung und strategisches Supply Chain Management"
"14";"343";"Yingkai";"Modeling and Analyzing Consumer Behavior with R"
"378";"83";"Otter";"Information Service Engineering"
"580";"104";"abcdefg";"Integrierte Produktionsplanung"
"58";"141";"Bodensee";"Öffentliches Recht I - Grundlagen"
"13";"343";"MaxSta123";"Modeling and Analyzing Consumer Behavior with R"
"13";"83";"MaxSta123";"Information Service Engineering"
"629";"475";"MaHe95";"Transportökonomie"
"629";"104";"MaHe95";"Integrierte Produktionsplanung"
"58";"143";"Bodensee";"Öffentliches Recht II - Öffentliches Wirtschaftsrecht"
"1053";"5";"hr1010";"Betriebswirtschaftslehre: Unternehmensführung und Informationswirtschaft"
"1053";"40";"hr1010";"Einführung in die Technische Mechanik I: Statik und Festigkeitslehre"
"27";"19";"WiWiWise";"Einführung in die Energiewirtschaft"
"27";"408";"WiWiWise";"PLM-CAD Workshop"
"682";"449";"jeppo1234jeppo1";"Verkehrswesen"
"682";"475";"jeppo1234jeppo1";"Transportökonomie"
"629";"334";"MaHe95";"Innovationsmanagement: Konzepte, Strategien und Methoden"
"1060";"526";"Adaw1995";"Steuerrecht I"
"238";"103";"Jasmin";"Grundlagen der Mikrosystemtechnik I"
"238";"109";"Jasmin";"Grundlagen der Mikrosystemtechnik II"
"238";"43";"Jasmin";"BioMEMS - Mikrosystemtechnik für Life-Sciences und Medizin II"
"566";"573";"Moritzglnr";"Business Data Analytics: Application and Tools"
"464";"537";"Doremon";"Entrepreneurship"
"318";"510";"dav96";"Preisverhandlungen und Verkaufspräsentationen"
"464";"276";"Doremon";"Anlagenwirtschaft"
"464";"482";"Doremon";"Virtual Engineering II"
"464";"105";"Doremon";"Logistik - Aufbau, Gestaltung und Steuerung von Logistiksystemen"
"335";"276";"Angsthengst";"Anlagenwirtschaft"
"456";"92";"regulaereBohne";"Grundlagen der Informatik I"
"456";"96";"regulaereBohne";"Grundlagen der Informatik II"
"456";"156";"regulaereBohne";"Rechnungswesen"
"140";"514";"lutzkoehler";"Service Analytics A"
"1060";"276";"Adaw1995";"Anlagenwirtschaft"
"907";"203";"winteriscoming";"Spezielle Soziologie"
"365";"104";"Ades000";"Integrierte Produktionsplanung"
"365";"386";"Ades000";"Operations Research in Supply Chain Management"
"365";"265";"Ades000";"Challenges in Supply Chain Management"
"365";"226";"Ades000";"Strategisches Management der betrieblichen Informationsverarbeitung"
"630";"43";"ZoRRo";"BioMEMS - Mikrosystemtechnik für Life-Sciences und Medizin II"
"1111";"244";"skipatrol";"Volkswirtschaftslehre II: Makroökonomie"
"507";"199";"AnonymerWiWi";"Programmierung kommerzieller Systeme - Einsatz betrieblicher Standardsoftware"
"1060";"334";"Adaw1995";"Innovationsmanagement: Konzepte, Strategien und Methoden"
"1060";"537";"Adaw1995";"Entrepreneurship"
"491";"122";"Kitkat";"Marketing Mix"
"491";"106";"Kitkat";"International Marketing"
"491";"199";"Kitkat";"Programmierung kommerzieller Systeme - Einsatz betrieblicher Standardsoftware"
"1079";"116";"SSarahS";"Management Accounting 1"
"180";"276";"clarii_ho";"Anlagenwirtschaft"
"180";"482";"clarii_ho";"Virtual Engineering II"
"630";"26";"ZoRRo";"Datenbanksysteme und XML"
"468";"59";"DavidBechtoldt";"Anwendungen der Künstlichen Intelligenz"
"378";"343";"Otter";"Modeling and Analyzing Consumer Behavior with R"
"190";"519";"wissensdurst";"Strategie- und Managementtheorie: Entwicklungen und Klassiker"
"190";"515";"wissensdurst";"Pricing"
"190";"510";"wissensdurst";"Preisverhandlungen und Verkaufspräsentationen"
"491";"34";"Kitkat";"Einführung in die Stochastische Optimierung"
"1044";"149";"jlehmac";"Organisationsmanagement"
"507";"149";"AnonymerWiWi";"Organisationsmanagement"
"633";"223";"Johnny1234";"Web Science"
"362";"284";"lolus999";"Auktionstheorie"
"363";"339";"NilsD";"Business Intelligence Systems"
"1060";"518";"Adaw1995";"Steuerrecht II"
"58";"96";"Bodensee";"Grundlagen der Informatik II"
"936";"537";"ilauste";"Entrepreneurship"
"936";"86";"ilauste";"Grundlagen der Fahrzeugtechnik I"
"147";"413";"DeputyChiefHardy";"Internetrecht"
"1141";"92";"Lukas1";"Grundlagen der Informatik I"
"1141";"5";"Lukas1";"Betriebswirtschaftslehre: Unternehmensführung und Informationswirtschaft"
"491";"142";"Kitkat";"Personalmanagement"
"21";"440";"JDpower910";"Sales Management and Retailing"
"21";"338";"JDpower910";"Market Research"
"21";"429";"JDpower910";"Produkt- und Innovationsmanagement"
"629";"310";"MaHe95";"Country Manager Simulation"
"629";"276";"MaHe95";"Anlagenwirtschaft"
"12";"308";"Robert";"Corporate Financial Policy"
"180";"402";"clarii_ho";"International Management in Engineering and Production"
"17";"248";"Mcduniel";"Advanced Game Theory"
"507";"555";"AnonymerWiWi";"Einführung in das Operations Research I und II"
"1008";"223";"klassischerindexshift";"Web Science"
"1008";"544";"klassischerindexshift";"Spatial Economics"
"1008";"285";"klassischerindexshift";"Industrial Services"
"238";"331";"Jasmin";"Graph Theory and Advanced Location Models"
"507";"87";"AnonymerWiWi";"Elektrotechnik II für Wirtschaftsingenieure"
"147";"392";"DeputyChiefHardy";"Patentrecht"
"371";"13";"Nifalo";"Bauökologie II"
"371";"152";"Nifalo";"Real Estate Management I"
"139";"113";"Lejan";"Grundlagen der Produktionswirtschaft"
"139";"559";"Lejan";"Informationssicherheit"
"580";"38";"abcdefg";"Analyse multivariater Daten"
"378";"43";"Otter";"BioMEMS - Mikrosystemtechnik für Life-Sciences und Medizin II"
"378";"45";"Otter";"BioMEMS - Mikrosystemtechnik für Life-Sciences und Medizin III"
"1179";"126";"MrAnderson";"Maschinelles Lernen 1 - Grundverfahren"
"1179";"548";"MrAnderson";"Experimentelle Wirtschaftsforschung"
"335";"321";"Angsthengst";"Globale Produktion und Logistik - Teil 1: Globale Produktion"
"97";"321";"Chris";"Globale Produktion und Logistik - Teil 1: Globale Produktion"
"153";"111";"Davide96";"Enterprise Architecture Management"
"153";"321";"Davide96";"Globale Produktion und Logistik - Teil 1: Globale Produktion"
"58";"205";"Bodensee";"Taktisches und operatives Supply Chain Management"
"153";"150";"Davide96";"Qualitätsmanagement"
"147";"151";"DeputyChiefHardy";"Physikalische Grundlagen der Lasertechnik"
"190";"248";"wissensdurst";"Advanced Game Theory"
"58";"178";"Bodensee";"Problemlösung, Kommunikation und Leadership"
"786";"146";"Escape";"Optimierungsansätze unter Unsicherheit"
"58";"37";"Bodensee";"BGB für Anfänger"
"58";"48";"Bodensee";"Einführung in die Technische Mechanik II: Dynamik"
"153";"48";"Davide96";"Einführung in die Technische Mechanik II: Dynamik"
"907";"410";"winteriscoming";"Quantitative Methods in Energy Economics"
"58";"863";"Bodensee";"Seminar Betriebswirtschaftslehre (Bachelor)"
"672";"452";"Lna_19";"Projektmanagement in der Bau- und Immobilienwirtschaft I"
"672";"26";"Lna_19";"Datenbanksysteme und XML"
"1060";"404";"Adaw1995";"Regelkonformes Verhalten im Unternehmensbereich"
"238";"130";"Jasmin";"Neue Aktoren und Sensoren"
"153";"30";"Davide96";"Einführung in die Spieltheorie"
"618";"136";"pa123";"Nichtlineare Optimierung I und II"
"618";"226";"pa123";"Strategisches Management der betrieblichen Informationsverarbeitung"
"1340";"156";"kittycat";"Rechnungswesen"
"152";"593";"aekin";"Angewandte Informatik – Anwendungen der Künstlichen Intelligenz"
"276";"132";"burglu";"Materialfluss in Logistiksystemen"
"276";"544";"burglu";"Spatial Economics"
"276";"194";"burglu";"Modellierung von Geschäftsprozessen"
"276";"492";"burglu";"Wettbewerb, Planung und Finanzierung im ÖPNV"
"276";"289";"burglu";"Arbeitsrecht I"
"128";"183";"Marc_";"Mobilität und Infrastruktur"
"1289";"559";"Toni200";"Informationssicherheit"
"59";"85";"Steibi";"Elektrotechnik I für Wirtschaftsingenieure"
"59";"228";"Steibi";"Werkstoffkunde II für Wirtschaftsingenieure"
"59";"96";"Steibi";"Grundlagen der Informatik II"
"1060";"362";"Adaw1995";"Fallstudienseminar Innovationsmanagement"
"1060";"442";"Adaw1995";"Project Management"
"29";"380";"hanswiwi";"Operations Research in Health Care Management"
"62";"110";"Maren";"Logistiksysteme auf Flughäfen"
"1047";"292";"JanSchl";"BioMEMS - Mikrosystemtechnik für Life-Sciences und Medizin I"
"1047";"601";"JanSchl";"Corporate Risk Management"
"1047";"339";"JanSchl";"Business Intelligence Systems"
"1047";"321";"JanSchl";"Globale Produktion und Logistik - Teil 1: Globale Produktion"
"1047";"194";"JanSchl";"Modellierung von Geschäftsprozessen"
"157";"5";"Lahmacun";"Betriebswirtschaftslehre: Unternehmensführung und Informationswirtschaft"
"157";"96";"Lahmacun";"Grundlagen der Informatik II"
"157";"555";"Lahmacun";"Einführung in das Operations Research I und II"
"1176";"39";"GelberHase";"Fertigungstechnik"
"14";"34";"Yingkai";"Einführung in die Stochastische Optimierung"
"14";"129";"Yingkai";"Maschinelles Lernen 2 - Fortgeschrittene Verfahren"
"1176";"142";"GelberHase";"Personalmanagement"
"491";"229";"Kitkat";"Verfahrenstechnische Grundlagen am Beispiel der Lebensmittelverarbeitung"
"1053";"96";"hr1010";"Grundlagen der Informatik II"
"1053";"85";"hr1010";"Elektrotechnik I für Wirtschaftsingenieure"
"1503";"121";"Henny";"Grundlagen für mobile Business"
"1060";"289";"Adaw1995";"Arbeitsrecht I"
"51";"321";"TobiWe";"Globale Produktion und Logistik - Teil 1: Globale Produktion"
"17";"126";"Mcduniel";"Maschinelles Lernen 1 - Grundverfahren"
"391";"136";"PMMMM";"Nichtlineare Optimierung I und II"
"391";"146";"PMMMM";"Optimierungsansätze unter Unsicherheit"
"391";"212";"PMMMM";"Unternehmensführung und Strategisches Management"
"391";"234";"PMMMM";"Wettbewerb in Netzen"
"27";"228";"WiWiWise";"Werkstoffkunde II für Wirtschaftsingenieure"
"190";"440";"wissensdurst";"Sales Management and Retailing"
"1060";"608";"Adaw1995";"Digital Services: Business Models and Transformation"
"41";"396";"MaxWie";"Personalization and Services"
"41";"47";"MaxWie";"Finanzintermediation"
"398";"141";"Hasi98";"Öffentliches Recht I - Grundlagen"
"398";"37";"Hasi98";"BGB für Anfänger"
"1038";"136";"Smart";"Nichtlineare Optimierung I und II"
"1038";"289";"Smart";"Arbeitsrecht I"
"394";"425";"MichaelW";"Valuation"
"1038";"150";"Smart";"Qualitätsmanagement"
"1038";"26";"Smart";"Datenbanksysteme und XML"
"1038";"234";"Smart";"Wettbewerb in Netzen"
"291";"234";"wiwi2012";"Wettbewerb in Netzen"
"1537";"242";"ruppscher";"Volkswirtschaftslehre I: Mikroökonomie"
"159";"234";"Fortuna95";"Wettbewerb in Netzen"
"491";"33";"Kitkat";"Dienstleistungs- und B2B Marketing"
"190";"342";"wissensdurst";"Marketing Strategy Planspiel"
"165";"397";"MunktheTunk";"Financial Analysis"
"165";"443";"MunktheTunk";"Energie und Umwelt"
"422";"115";"Fharsdo";"Investments"
"190";"624";"wissensdurst";"Product and Innovation Management"
"1532";"167";"lucca";"Mathematik 3 - Abschlussklausur"
"190";"537";"wissensdurst";"Entrepreneurship"
"190";"548";"wissensdurst";"Experimentelle Wirtschaftsforschung"
"318";"194";"dav96";"Modellierung von Geschäftsprozessen"
"491";"113";"Kitkat";"Grundlagen der Produktionswirtschaft"
"907";"8";"winteriscoming";"Computational Economics"
"907";"116";"winteriscoming";"Management Accounting 1"
"180";"484";"clarii_ho";"Supply Chain Management with Advanced Planning Systems"
"140";"22";"lutzkoehler";"Betriebswirtschaftslehre: Finanzwirtschaft und Rechnungswesen"
"140";"5";"lutzkoehler";"Betriebswirtschaftslehre: Unternehmensführung und Informationswirtschaft"
"140";"27";"lutzkoehler";"Betriebswirtschaftslehre: Produktionswirtschaft und Marketing"
"140";"156";"lutzkoehler";"Rechnungswesen"
"140";"242";"lutzkoehler";"Volkswirtschaftslehre I: Mikroökonomie"
"140";"244";"lutzkoehler";"Volkswirtschaftslehre II: Makroökonomie"
"140";"195";"lutzkoehler";"Programmieren I: Java"
"140";"92";"lutzkoehler";"Grundlagen der Informatik I"
"140";"96";"lutzkoehler";"Grundlagen der Informatik II"
"140";"555";"lutzkoehler";"Einführung in das Operations Research I und II"
"140";"85";"lutzkoehler";"Elektrotechnik I für Wirtschaftsingenieure"
"140";"40";"lutzkoehler";"Einführung in die Technische Mechanik I: Statik und Festigkeitslehre"
"140";"227";"lutzkoehler";"Werkstoffkunde I für Wirtschaftsingenieure"
"140";"211";"lutzkoehler";"Statistik I"
"140";"214";"lutzkoehler";"Statistik II"
"140";"33";"lutzkoehler";"Dienstleistungs- und B2B Marketing"
"140";"307";"lutzkoehler";"Automatisierte Produktionsanlagen"
"140";"158";"lutzkoehler";"Mathematik 1 - Semesterklausur"
"140";"161";"lutzkoehler";"Mathematik 1 - Abschlussklausur"
"140";"165";"lutzkoehler";"Mathematik 2 - Semesterklausur"
"140";"163";"lutzkoehler";"Mathematik 2 - Abschlussklausur"
"140";"167";"lutzkoehler";"Mathematik 3 - Abschlussklausur"
"491";"885";"Kitkat";"Integrierte Produktionsplanung im Zeitalter von Industrie 4.0"
"378";"471";"Otter";"Vertragsgestaltung"
"112";"568";"Hanswiwi123";"Grundlagen der Unternehmensbesteuerung"
"1537";"197";"ruppscher";"Programmierung kommerzieller Systeme - Anwendungen in Netzen mit Java"
"1176";"192";"GelberHase";"Modellieren und OR-Software: Einführung"
"144";"331";"wiwi2015";"Graph Theory and Advanced Location Models"
"144";"386";"wiwi2015";"Operations Research in Supply Chain Management"
"58";"156";"Bodensee";"Rechnungswesen"
"1037";"197";"faabs";"Programmierung kommerzieller Systeme - Anwendungen in Netzen mit Java"
"491";"593";"Kitkat";"Angewandte Informatik – Anwendungen der Künstlichen Intelligenz"
"503";"52";"MarieJoa";"Angewandte Informatik I - Modellierung"
"503";"837";"MarieJoa";"Angewandte Informatik – Modellierung"
"1066";"126";"gustavG";"Maschinelles Lernen 1 - Grundverfahren"
"144";"338";"wiwi2015";"Market Research"
"153";"608";"Davide96";"Digital Services: Business Models and Transformation"
"1171";"900";"Effenberger";"Angewandte Informatik – Informationssicherheit"
"1171";"227";"Effenberger";"Werkstoffkunde I für Wirtschaftsingenieure"
"58";"149";"Bodensee";"Organisationsmanagement"
"190";"946";"wissensdurst";"Introduction to Data Science"
"190";"380";"wissensdurst";"Operations Research in Health Care Management"
"235";"569";"fabirueh";"Process Mining"
"14";"126";"Yingkai";"Maschinelles Lernen 1 - Grundverfahren"
"58";"207";"Bodensee";"Projektmanagement"
"422";"199";"Fharsdo";"Programmierung kommerzieller Systeme - Einsatz betrieblicher Standardsoftware"
"491";"145";"Kitkat";"Personalpolitik und Arbeitsmarktinstitutionen"
"1202";"44";"maxho";"Financial Management"
"659";"569";"ljxdennis";"Process Mining"
"1060";"182";"Adaw1995";"Software-Qualitätsmanagement"
"802";"42";"YNWA27";"Financial Econometrics"
"802";"541";"YNWA27";"Social Choice Theory"
"507";"156";"AnonymerWiWi";"Rechnungswesen"
"507";"101";"AnonymerWiWi";"Energiepolitik"
"503";"102";"MarieJoa";"Logistics and Supply Chain Management"
"1410";"115";"louisgelhard";"Investments"
"14";"323";"Yingkai";"Globale Produktion und Logistik - Teil 2: Globale Logistik"
"291";"323";"wiwi2012";"Globale Produktion und Logistik - Teil 2: Globale Logistik"
"907";"470";"winteriscoming";"Public Management"
